INSERT INTO game (id, title, description, by,age_rating,likes) VALUES (1,'Uncharted 4','For the first time ever in Uncharted history, drive vehicles during gameplay','Sony','16',100);
INSERT INTO game (id, title, description, by,age_rating,likes) VALUES (2,'Call of Duty, Infinite Warfare','Call of Duty: Infinite Warfare delivers three unique game modes: Campaign, Multiplayer, and Zombies.','Infinity Ward','18',320);
INSERT INTO game_platforms (game_id,platforms) VALUES (1,1);
INSERT INTO game_platforms (game_id,platforms) VALUES (2,1);
INSERT INTO game_platforms (game_id,platforms) VALUES (2,3);
INSERT INTO game_platforms (game_id,platforms) VALUES (2,4);
INSERT INTO comment (id, user, message, utildate, likes,game_id) VALUES (1,'bob','Cracking game far too much cinematic',1294012800,6,1);
INSERT INTO comment (id, user, message, utildate, likes,game_id) VALUES (2,'testingPriest','Not enough shooting for me,far too easy ',1301698800,5,1);
/* generated data, using python script here: https://repl.it/repls/FamiliarFatalOrder , also saved in this directory as data_generator.py */
INSERT INTO game (id, title, description, by,age_rating,likes) VALUES (3, 'Section 8', 'Section 8 is a Sci-Fi first-person shooter that allows players to dynamically alter the flow of comb', 'SouthPeak Interactive','16',69);
INSERT INTO game_platforms (game_id,platforms) VALUES (3,7);
INSERT INTO game_platforms (game_id,platforms) VALUES (3,8);
INSERT INTO game_platforms (game_id,platforms) VALUES (3,0);
INSERT INTO comment (id, user, message, utildate, likes,game_id) VALUES (3,'garzarichard','General run since city natural result pressure.',1583579893,0,3);
INSERT INTO comment (id, user, message, utildate, likes,game_id) VALUES (4,'bob','Assume campaign game him.',1489541697,1,3);
INSERT INTO comment (id, user, message, utildate, likes,game_id) VALUES (5,'brucejose','Article ready design base pass clearly loss.',1544568179,7,3);
INSERT INTO comment (id, user, message, utildate, likes,game_id) VALUES (6,'brittanymiller','Interesting choose expect.',1481659763,1,3);
INSERT INTO comment (id, user, message, utildate, likes,game_id) VALUES (7,'crawfordregina','Democrat policy step operation.',1471524844,4,3);
INSERT INTO comment (id, user, message, utildate, likes,game_id) VALUES (8,'testingPriest','Bank occur debate account thing.',1496416891,4,3);
INSERT INTO game (id, title, description, by,age_rating,likes) VALUES (4, 'Hearts of Iron III', 'Hearts of Iron III: Their Finest Hour puts you back in the commander’s seat during World War II. Win', 'Paradox Interactive','3',89);
INSERT INTO game_platforms (game_id,platforms) VALUES (4,5);
INSERT INTO game_platforms (game_id,platforms) VALUES (4,6);
INSERT INTO comment (id, user, message, utildate, likes,game_id) VALUES (9,'brucejose','People avoid Mr put.',1474226115,6,4);
INSERT INTO comment (id, user, message, utildate, likes,game_id) VALUES (10,'brittanymiller','Help record might.',1541679579,1,4);
INSERT INTO comment (id, user, message, utildate, likes,game_id) VALUES (11,'bob','Its learn rather few chance.',1500826821,9,4);
INSERT INTO comment (id, user, message, utildate, likes,game_id) VALUES (12,'crawfordregina','Oil community coach environment item call.',1578150197,0,4);
INSERT INTO game (id, title, description, by,age_rating,likes) VALUES (5, 'Global Operations', 'Global Operations is a first-person tactical shooter computer game developed by Barking Dog Studios ', 'Barking Dog','16',69);
INSERT INTO game_platforms (game_id,platforms) VALUES (5,3);
INSERT INTO game_platforms (game_id,platforms) VALUES (5,2);
INSERT INTO comment (id, user, message, utildate, likes,game_id) VALUES (13,'julie73','Room movement choice spring.',1582320107,7,5);
INSERT INTO comment (id, user, message, utildate, likes,game_id) VALUES (14,'crawfordregina','Head interest station movie first water rich.',1466941684,7,5);
INSERT INTO comment (id, user, message, utildate, likes,game_id) VALUES (15,'testingPriest','Southern later else black current.',1441674516,0,5);
INSERT INTO comment (id, user, message, utildate, likes,game_id) VALUES (16,'ronniechapman','Tell on including name notice method leave Mr.',1566132591,0,5);
INSERT INTO comment (id, user, message, utildate, likes,game_id) VALUES (17,'ibarnes','Age reveal street.',1477684582,8,5);
INSERT INTO comment (id, user, message, utildate, likes,game_id) VALUES (18,'brucejose','Vote bag whole three until indeed Mrs scientist.',1480159084,4,5);
INSERT INTO comment (id, user, message, utildate, likes,game_id) VALUES (19,'callahanedward','Game into remain tough.',1570285222,5,5);
INSERT INTO game (id, title, description, by,age_rating,likes) VALUES (6, 'Goat Simulator', 'Goat Simulator is a third-person perspective game in which the player controls a goat. There does no', 'Coffee Stain Studios','16',53);
INSERT INTO game_platforms (game_id,platforms) VALUES (6,7);
INSERT INTO game_platforms (game_id,platforms) VALUES (6,6);
INSERT INTO game_platforms (game_id,platforms) VALUES (6,3);
INSERT INTO comment (id, user, message, utildate, likes,game_id) VALUES (20,'ibarnes','Ask foreign find country base culture.',1556877463,5,6);
INSERT INTO comment (id, user, message, utildate, likes,game_id) VALUES (21,'bduffy','Nation born low move back.',1543091915,2,6);
INSERT INTO comment (id, user, message, utildate, likes,game_id) VALUES (22,'callahanedward','Year she question I.',1579917635,1,6);
INSERT INTO comment (id, user, message, utildate, likes,game_id) VALUES (23,'crawfordregina','Family information city hundred realize seven character.',1532442389,4,6);
INSERT INTO comment (id, user, message, utildate, likes,game_id) VALUES (24,'ronniechapman','Probably Congress rule peace may husband.',1572038274,7,6);
INSERT INTO comment (id, user, message, utildate, likes,game_id) VALUES (25,'testingPriest','Study second to skin.',1492026379,1,6);
INSERT INTO game (id, title, description, by,age_rating,likes) VALUES (7, 'Scram Kitty and His Buddy on Rails', 'Scram Kitty and his Buddy on Rails is a frenetic action platform game with unique controls and a str', 'Dakko Dakko','7',72);
INSERT INTO game_platforms (game_id,platforms) VALUES (7,2);
INSERT INTO game_platforms (game_id,platforms) VALUES (7,8);
INSERT INTO game_platforms (game_id,platforms) VALUES (7,0);
INSERT INTO comment (id, user, message, utildate, likes,game_id) VALUES (26,'crawfordregina','Effort stay challenge million.',1577630395,3,7);
INSERT INTO comment (id, user, message, utildate, likes,game_id) VALUES (27,'bduffy','Seem the body trouble now.',1501588604,9,7);
INSERT INTO comment (id, user, message, utildate, likes,game_id) VALUES (28,'brittanymiller','Energy recent item cold.',1504022056,8,7);
INSERT INTO game (id, title, description, by,age_rating,likes) VALUES (8, 'Pokémon Silver', 'Turn-based JRPGs and sequels to Pokémon Red and Blue Versions (1998), Gold and Silver Versions offer', 'Nintendo','7',87);
INSERT INTO game_platforms (game_id,platforms) VALUES (8,4);
INSERT INTO game_platforms (game_id,platforms) VALUES (8,6);
INSERT INTO comment (id, user, message, utildate, likes,game_id) VALUES (29,'ibarnes','Magazine matter suggest bad shake teach us.',1538909575,4,8);
INSERT INTO comment (id, user, message, utildate, likes,game_id) VALUES (30,'ronniechapman','Executive capital power letter process.',1495064144,5,8);
INSERT INTO comment (id, user, message, utildate, likes,game_id) VALUES (31,'bduffy','Develop success from window billion child short natural.',1443113780,5,8);
INSERT INTO comment (id, user, message, utildate, likes,game_id) VALUES (32,'brittanymiller','Care join cold traditional adult.',1443939713,2,8);
INSERT INTO comment (id, user, message, utildate, likes,game_id) VALUES (33,'crawfordregina','Important school society yeah series.',1572944776,9,8);
INSERT INTO comment (id, user, message, utildate, likes,game_id) VALUES (34,'julie73','Story whose card to will various center.',1572195510,6,8);
INSERT INTO game (id, title, description, by,age_rating,likes) VALUES (9, 'Bonanza Bros.', 'Just who are these guys? ', 'Sega Enterprises','7',67);
INSERT INTO game_platforms (game_id,platforms) VALUES (9,0);
INSERT INTO game_platforms (game_id,platforms) VALUES (9,6);
INSERT INTO comment (id, user, message, utildate, likes,game_id) VALUES (35,'garzarichard','Nor never like cost age successful.',1548560792,8,9);
INSERT INTO game (id, title, description, by,age_rating,likes) VALUES (10, 'Road Rash II', 'Road Rashing isnt just a sport. Its an attitude! Road Rash II is the ultimate 2-player racing game', 'Electronic Arts','12',78);
INSERT INTO game_platforms (game_id,platforms) VALUES (10,4);
INSERT INTO comment (id, user, message, utildate, likes,game_id) VALUES (36,'bduffy','Pressure during camera fear director here alone.',1581987670,0,10);
INSERT INTO comment (id, user, message, utildate, likes,game_id) VALUES (37,'garzarichard','Sport between involve operation.',1542449419,6,10);
INSERT INTO comment (id, user, message, utildate, likes,game_id) VALUES (38,'crystalhull','Because in grow still everybody.',1487619725,5,10);
INSERT INTO comment (id, user, message, utildate, likes,game_id) VALUES (39,'brucejose','Federal fall hit service something.',1550035680,9,10);
INSERT INTO comment (id, user, message, utildate, likes,game_id) VALUES (40,'ibarnes','Present source west approach kind question near difference.',1488634699,7,10);
INSERT INTO comment (id, user, message, utildate, likes,game_id) VALUES (41,'julie73','Expert teach with south a subject protect.',1568878361,1,10);
INSERT INTO comment (id, user, message, utildate, likes,game_id) VALUES (42,'ronniechapman','Respond skill know watch put run despite.',1488532173,7,10);
INSERT INTO comment (id, user, message, utildate, likes,game_id) VALUES (43,'testingPriest','Amount dark upon positive figure.',1481504226,3,10);
INSERT INTO game (id, title, description, by,age_rating,likes) VALUES (11, 'Final Fantasy IV', 'Final Fantasy IV is a remake of the classic Japanese RPG that was first released for SNES, known as ', 'Square','12',80);
INSERT INTO game_platforms (game_id,platforms) VALUES (11,2);
INSERT INTO comment (id, user, message, utildate, likes,game_id) VALUES (44,'brucejose','Degree laugh technology government.',1477236370,4,11);
INSERT INTO comment (id, user, message, utildate, likes,game_id) VALUES (45,'ibarnes','Give mission food picture.',1539056383,3,11);
INSERT INTO comment (id, user, message, utildate, likes,game_id) VALUES (46,'ronniechapman','Near physical computer it he probably reflect outside.',1518224627,0,11);
INSERT INTO comment (id, user, message, utildate, likes,game_id) VALUES (47,'callahanedward','Fear institution information kid could.',1470203110,0,11);
INSERT INTO comment (id, user, message, utildate, likes,game_id) VALUES (48,'garzarichard','Stock within theory.',1549514099,0,11);
INSERT INTO comment (id, user, message, utildate, likes,game_id) VALUES (49,'crystalhull','Glass film carry child.',1588106532,3,11);
INSERT INTO comment (id, user, message, utildate, likes,game_id) VALUES (50,'crawfordregina','Light ahead culture next entire in pass.',1518737789,0,11);
INSERT INTO comment (id, user, message, utildate, likes,game_id) VALUES (51,'testingPriest','Employee policy yourself during realize.',1578491943,0,11);
INSERT INTO game (id, title, description, by,age_rating,likes) VALUES (12, 'Oure', 'Explore the skies ', 'Heavy Spectrum Entertainment Labs','3',70);
INSERT INTO game_platforms (game_id,platforms) VALUES (12,2);
INSERT INTO game_platforms (game_id,platforms) VALUES (12,7);
INSERT INTO game_platforms (game_id,platforms) VALUES (12,0);
INSERT INTO comment (id, user, message, utildate, likes,game_id) VALUES (52,'bob','Talk collection dream network ahead accept top.',1588801883,6,12);
INSERT INTO comment (id, user, message, utildate, likes,game_id) VALUES (53,'crawfordregina','Position base be mouth thing.',1532978985,0,12);
INSERT INTO comment (id, user, message, utildate, likes,game_id) VALUES (54,'callahanedward','Car approach better account those from kind.',1544059926,8,12);
INSERT INTO comment (id, user, message, utildate, likes,game_id) VALUES (55,'ibarnes','Old information area follow director east.',1506407489,5,12);
INSERT INTO game (id, title, description, by,age_rating,likes) VALUES (13, 'Cricket 19', 'Lead your team to international glory with Cricket 19. The truly global cricket simulation from Big ', 'Big Ant Studios','3',80);
INSERT INTO game_platforms (game_id,platforms) VALUES (13,3);
INSERT INTO game_platforms (game_id,platforms) VALUES (13,5);
INSERT INTO game_platforms (game_id,platforms) VALUES (13,8);
INSERT INTO comment (id, user, message, utildate, likes,game_id) VALUES (56,'bob','Establish lawyer guy behind management stop significant.',1447671998,5,13);
INSERT INTO comment (id, user, message, utildate, likes,game_id) VALUES (57,'ibarnes','Economy agency newspaper loss better market practice.',1519032913,4,13);
INSERT INTO comment (id, user, message, utildate, likes,game_id) VALUES (58,'brucejose','Many history everything region above quickly.',1559176513,3,13);
INSERT INTO comment (id, user, message, utildate, likes,game_id) VALUES (59,'garzarichard','Two newspaper happen seven himself.',1485526533,8,13);
INSERT INTO comment (id, user, message, utildate, likes,game_id) VALUES (60,'julie73','Table adult skill dark.',1563523285,4,13);
INSERT INTO game (id, title, description, by,age_rating,likes) VALUES (14, 'Tekken 2', 'Tekken 2 is the second game in the Tekken series. All of the characters from Tekken returned (with t', 'Namco','12',78);
INSERT INTO game_platforms (game_id,platforms) VALUES (14,2);
INSERT INTO game_platforms (game_id,platforms) VALUES (14,3);
INSERT INTO comment (id, user, message, utildate, likes,game_id) VALUES (61,'brittanymiller','Else general arm decade sure.',1476529419,9,14);
INSERT INTO comment (id, user, message, utildate, likes,game_id) VALUES (62,'bduffy','Center even amount interview especially other.',1572664216,4,14);
INSERT INTO comment (id, user, message, utildate, likes,game_id) VALUES (63,'brucejose','Money year star along.',1511459548,4,14);
INSERT INTO comment (id, user, message, utildate, likes,game_id) VALUES (64,'ronniechapman','Knowledge city positive step field resource production.',1512281591,3,14);
INSERT INTO comment (id, user, message, utildate, likes,game_id) VALUES (65,'crystalhull','Writer run me leave participant let.',1569506176,3,14);
INSERT INTO game (id, title, description, by,age_rating,likes) VALUES (15, 'Disgaea 3: Absence of Detention', 'Disgaea 3 is a sequel to Disgaea, a hardcore, turn-based strategy RPG. The game follows the exploits', 'Nippon Ichi Software','12',89);
INSERT INTO game_platforms (game_id,platforms) VALUES (15,3);
INSERT INTO comment (id, user, message, utildate, likes,game_id) VALUES (66,'bduffy','Over explain use local money.',1448481710,9,15);
INSERT INTO comment (id, user, message, utildate, likes,game_id) VALUES (67,'bob','Charge upon shoulder summer government.',1540001483,7,15);
INSERT INTO game (id, title, description, by,age_rating,likes) VALUES (16, 'Lucius', '“Here is wisdom. Let him that hath understanding count the number of the Beast: for it is the number', 'Shiver Games','18',50);
INSERT INTO game_platforms (game_id,platforms) VALUES (16,7);
INSERT INTO game_platforms (game_id,platforms) VALUES (16,8);
INSERT INTO game_platforms (game_id,platforms) VALUES (16,2);
INSERT INTO comment (id, user, message, utildate, likes,game_id) VALUES (68,'crystalhull','When discussion wall man center perhaps father every.',1558040192,9,16);
INSERT INTO comment (id, user, message, utildate, likes,game_id) VALUES (69,'brittanymiller','This authority college say us can.',1492783668,5,16);
INSERT INTO game (id, title, description, by,age_rating,likes) VALUES (17, 'Mafia II', 'The storyline for Mafia II is a gritty drama and chronicles the rise of Vito Scaletta, the son of Si', '2K Czech','18',81);
INSERT INTO game_platforms (game_id,platforms) VALUES (17,1);
INSERT INTO game_platforms (game_id,platforms) VALUES (17,0);
INSERT INTO game_platforms (game_id,platforms) VALUES (17,6);
INSERT INTO comment (id, user, message, utildate, likes,game_id) VALUES (70,'ibarnes','Forward resource set region interview.',1535304437,8,17);
INSERT INTO game (id, title, description, by,age_rating,likes) VALUES (18, 'Sleeping Dogs', 'Wei Shen, an young officer working for the San Francisco Police Department gets tasked to go back to', 'Bandai Namco Entertainment','18',79);
INSERT INTO game_platforms (game_id,platforms) VALUES (18,8);
INSERT INTO game_platforms (game_id,platforms) VALUES (18,5);
INSERT INTO comment (id, user, message, utildate, likes,game_id) VALUES (71,'testingPriest','Fast different before investment.',1551898293,3,18);
INSERT INTO game (id, title, description, by,age_rating,likes) VALUES (19, 'Command & Conquer: Red Alert 2 - Yuris Revenge', 'The game begins with a presidential briefing in the White House concerning Yuri and how he has begun', 'Electronic Arts','12',80);
INSERT INTO game_platforms (game_id,platforms) VALUES (19,5);
INSERT INTO comment (id, user, message, utildate, likes,game_id) VALUES (72,'bob','Meet rock develop lawyer choose.',1521221056,3,19);
INSERT INTO comment (id, user, message, utildate, likes,game_id) VALUES (73,'brucejose','Art central during home.',1512108723,6,19);
INSERT INTO game (id, title, description, by,age_rating,likes) VALUES (20, 'Kingdom Hearts HD 2.8 Final Chapter Prologue', 'Kingdom Hearts HD 2.8 Final Chapter Prologue is a compilation that brings the popular Kingdom Hearts', 'Square Enix','12',71);
INSERT INTO game_platforms (game_id,platforms) VALUES (20,2);
INSERT INTO comment (id, user, message, utildate, likes,game_id) VALUES (74,'bduffy','Child together behind measure if common.',1578796687,9,20);
INSERT INTO comment (id, user, message, utildate, likes,game_id) VALUES (75,'bob','Use question conference simple production stop carry.',1440065216,6,20);
INSERT INTO comment (id, user, message, utildate, likes,game_id) VALUES (76,'ronniechapman','Prepare under remain.',1484373532,5,20);
INSERT INTO comment (id, user, message, utildate, likes,game_id) VALUES (77,'julie73','Doctor low common affect.',1511392767,6,20);
INSERT INTO game (id, title, description, by,age_rating,likes) VALUES (21, 'Vanquish', 'Players take the role of Sam, a government agent who must stop the threat before it is too late. Arm', 'Sega','18',81);
INSERT INTO game_platforms (game_id,platforms) VALUES (21,0);
INSERT INTO comment (id, user, message, utildate, likes,game_id) VALUES (78,'garzarichard','Painting effort many kitchen according indicate.',1585850287,5,21);
INSERT INTO comment (id, user, message, utildate, likes,game_id) VALUES (79,'crawfordregina','Big real investment short rate range run.',1576700002,0,21);
INSERT INTO comment (id, user, message, utildate, likes,game_id) VALUES (80,'ibarnes','Entire star everybody.',1526364605,9,21);
INSERT INTO comment (id, user, message, utildate, likes,game_id) VALUES (81,'julie73','Report account common wide dream sense.',1442874462,9,21);
INSERT INTO comment (id, user, message, utildate, likes,game_id) VALUES (82,'bduffy','Professional until manage mean.',1583968598,2,21);
INSERT INTO comment (id, user, message, utildate, likes,game_id) VALUES (83,'testingPriest','Red friend she protect animal.',1587182359,5,21);
INSERT INTO game (id, title, description, by,age_rating,likes) VALUES (22, 'Fullmetal Alchemist: Brotherhood', 'Fullmetal Alchemist: Brotherhoods Adventure Mode lets players live the adventure of the Elric bro', 'Bandai Namco Entertainment','12',71);
INSERT INTO game_platforms (game_id,platforms) VALUES (22,1);
INSERT INTO game_platforms (game_id,platforms) VALUES (22,3);
INSERT INTO game_platforms (game_id,platforms) VALUES (22,0);
INSERT INTO comment (id, user, message, utildate, likes,game_id) VALUES (84,'ibarnes','Throw begin carry.',1485341419,9,22);
INSERT INTO comment (id, user, message, utildate, likes,game_id) VALUES (85,'ronniechapman','Truth leg theory evidence type door.',1511720955,7,22);
INSERT INTO comment (id, user, message, utildate, likes,game_id) VALUES (86,'testingPriest','Which fall choice thus establish.',1441443392,2,22);
INSERT INTO comment (id, user, message, utildate, likes,game_id) VALUES (87,'crystalhull','Operation method pay crime treat.',1580120092,8,22);
INSERT INTO comment (id, user, message, utildate, likes,game_id) VALUES (88,'brittanymiller','Reveal program technology father form.',1525578999,5,22);
INSERT INTO comment (id, user, message, utildate, likes,game_id) VALUES (89,'crawfordregina','Husband suffer practice specific rule.',1531764332,9,22);
INSERT INTO game (id, title, description, by,age_rating,likes) VALUES (23, 'Super Adventure Island II', 'Master Higgins finally marries his lovely girlfriend Tina. But out of nowhere, a powerful tropical c', 'Hudson Soft','12',79);
INSERT INTO game_platforms (game_id,platforms) VALUES (23,5);
INSERT INTO comment (id, user, message, utildate, likes,game_id) VALUES (90,'ronniechapman','Blue assume improve reveal stage.',1492121369,1,23);
INSERT INTO game (id, title, description, by,age_rating,likes) VALUES (24, 'FIFA 11', 'The best-selling and most critically-acclaimed football game of all time returns for a new season -a', 'Electronic Arts','3',71);
INSERT INTO game_platforms (game_id,platforms) VALUES (24,8);
INSERT INTO comment (id, user, message, utildate, likes,game_id) VALUES (91,'garzarichard','Wrong require professional cut owner television talk.',1454921883,9,24);
INSERT INTO comment (id, user, message, utildate, likes,game_id) VALUES (92,'julie73','Role Democrat piece north.',1449056143,6,24);
INSERT INTO comment (id, user, message, utildate, likes,game_id) VALUES (93,'crystalhull','Bag director fight rule thing.',1581147954,8,24);
INSERT INTO comment (id, user, message, utildate, likes,game_id) VALUES (94,'callahanedward','Reach there kitchen book agree agent herself.',1525201146,2,24);
INSERT INTO comment (id, user, message, utildate, likes,game_id) VALUES (95,'brucejose','In nor baby my find night.',1464048410,1,24);
INSERT INTO comment (id, user, message, utildate, likes,game_id) VALUES (96,'crawfordregina','First around newspaper product represent wife world.',1434903465,4,24);
INSERT INTO game (id, title, description, by,age_rating,likes) VALUES (25, 'Radial-G : Racing Revolved', 'Climb into the cockpit of a futuristic race craft and tear up the anti-gravity track. Offering singl', 'Tammeka Games','7',60);
INSERT INTO game_platforms (game_id,platforms) VALUES (25,6);
INSERT INTO comment (id, user, message, utildate, likes,game_id) VALUES (97,'brittanymiller','Something last road politics point college keep represent.',1492527665,7,25);
INSERT INTO comment (id, user, message, utildate, likes,game_id) VALUES (98,'ronniechapman','Subject population important study provide agree Mr.',1469780783,8,25);
INSERT INTO comment (id, user, message, utildate, likes,game_id) VALUES (99,'testingPriest','Performance open meeting design light benefit.',1486032641,4,25);
INSERT INTO game (id, title, description, by,age_rating,likes) VALUES (26, 'Little Inferno', 'Congratulations on your new Little Inferno Entertainment Fireplace! Throw your toys into your fire, ', 'Experimental Gameplay','12',73);
INSERT INTO game_platforms (game_id,platforms) VALUES (26,7);
INSERT INTO game_platforms (game_id,platforms) VALUES (26,0);
INSERT INTO game_platforms (game_id,platforms) VALUES (26,4);
INSERT INTO comment (id, user, message, utildate, likes,game_id) VALUES (100,'garzarichard','Grow window site someone pick reflect.',1500283736,7,26);
INSERT INTO comment (id, user, message, utildate, likes,game_id) VALUES (101,'ronniechapman','Commercial probably stock.',1512778666,6,26);
INSERT INTO comment (id, user, message, utildate, likes,game_id) VALUES (102,'bduffy','Structure focus nothing war in five hear bit.',1575196323,1,26);
INSERT INTO comment (id, user, message, utildate, likes,game_id) VALUES (103,'brittanymiller','Spend early scientist.',1467791911,2,26);
INSERT INTO comment (id, user, message, utildate, likes,game_id) VALUES (104,'testingPriest','School information do be senior generation writer.',1437078027,0,26);
INSERT INTO comment (id, user, message, utildate, likes,game_id) VALUES (105,'ibarnes','Agreement although class base its do husband agency.',1435401828,8,26);
INSERT INTO game (id, title, description, by,age_rating,likes) VALUES (27, 'Q.U.B.E. 2', 'Q.U.B.E. 2 is the sequel to the hit first-person puzzle game Q.U.B.E. You are Amelia Cross, a strand', 'Toxic Games','12',73);
INSERT INTO game_platforms (game_id,platforms) VALUES (27,3);
INSERT INTO game_platforms (game_id,platforms) VALUES (27,1);
INSERT INTO comment (id, user, message, utildate, likes,game_id) VALUES (106,'crawfordregina','Fire six ready three agent test movie.',1511740005,0,27);
INSERT INTO comment (id, user, message, utildate, likes,game_id) VALUES (107,'bduffy','Future once report later few foreign evidence.',1584867861,0,27);
INSERT INTO comment (id, user, message, utildate, likes,game_id) VALUES (108,'garzarichard','Collection build air onto work.',1460062116,0,27);
INSERT INTO comment (id, user, message, utildate, likes,game_id) VALUES (109,'testingPriest','Course support enjoy marriage nothing author capital.',1519259863,0,27);
INSERT INTO game (id, title, description, by,age_rating,likes) VALUES (28, 'Agar.io', 'Agar.io is a Massively-multiplayer top-down strategy browser game. In Agar.io, the player manipulate', 'Miniclip.com','3',70);
INSERT INTO game_platforms (game_id,platforms) VALUES (28,7);
INSERT INTO game_platforms (game_id,platforms) VALUES (28,8);
INSERT INTO game_platforms (game_id,platforms) VALUES (28,6);
INSERT INTO comment (id, user, message, utildate, likes,game_id) VALUES (110,'ronniechapman','Simple baby bank keep forward.',1493141609,9,28);
INSERT INTO game (id, title, description, by,age_rating,likes) VALUES (29, 'NightSky', 'Nominated as a IGF Seamus McNally Finalist, NightSky is an ambient action-puzzle game that offers a ', 'Nicalis, Inc.','3',85);
INSERT INTO game_platforms (game_id,platforms) VALUES (29,7);
INSERT INTO game_platforms (game_id,platforms) VALUES (29,8);
INSERT INTO game_platforms (game_id,platforms) VALUES (29,1);
INSERT INTO comment (id, user, message, utildate, likes,game_id) VALUES (111,'crystalhull','Camera well investment movement financial part mention.',1444702906,3,29);
INSERT INTO comment (id, user, message, utildate, likes,game_id) VALUES (112,'ronniechapman','For tax major cup might daughter itself.',1487695538,8,29);
INSERT INTO comment (id, user, message, utildate, likes,game_id) VALUES (113,'ibarnes','Set state lawyer face.',1566227399,8,29);
INSERT INTO game (id, title, description, by,age_rating,likes) VALUES (30, 'Alan Wakes American Nightmare', 'The plot of American Nightmare is framed by the narration of an episode of the fictional TV show, N', 'Remedy Entertainment','18',68);
INSERT INTO game_platforms (game_id,platforms) VALUES (30,1);
INSERT INTO comment (id, user, message, utildate, likes,game_id) VALUES (114,'callahanedward','Color sing wrong not than sure.',1494755914,7,30);
INSERT INTO comment (id, user, message, utildate, likes,game_id) VALUES (115,'brittanymiller','Community ten property role sing.',1580580264,1,30);
INSERT INTO game (id, title, description, by,age_rating,likes) VALUES (31, 'Destiny: Rise Of Iron', 'Destiny: Rise of Iron is the next highly anticipated expansion to the Destiny universe. It features ', 'Bungie','16',70);
INSERT INTO game_platforms (game_id,platforms) VALUES (31,7);
INSERT INTO comment (id, user, message, utildate, likes,game_id) VALUES (116,'crystalhull','Key cell alone.',1449980915,0,31);
INSERT INTO comment (id, user, message, utildate, likes,game_id) VALUES (117,'garzarichard','Almost body while no.',1472569596,7,31);
INSERT INTO game (id, title, description, by,age_rating,likes) VALUES (32, 'Croixleur Sigma', 'Tonight, in the Queens realm of Ilance, two prodigies representing the Knight and Aristocrat factio', 'Nyu Media','12',60);
INSERT INTO game_platforms (game_id,platforms) VALUES (32,5);
INSERT INTO comment (id, user, message, utildate, likes,game_id) VALUES (118,'ibarnes','Less add other bring.',1475375025,2,32);
INSERT INTO comment (id, user, message, utildate, likes,game_id) VALUES (119,'testingPriest','Alone if box throw increase oil.',1551185899,1,32);
INSERT INTO comment (id, user, message, utildate, likes,game_id) VALUES (120,'ronniechapman','Stuff number occur close.',1458725457,6,32);
INSERT INTO game (id, title, description, by,age_rating,likes) VALUES (33, 'I Hate Running Backwards', 'I Hate Running Backwards is a fast paced infinite runner hybrid that puts the shoot em up genre on ', 'Devolver Digital','7',70);
INSERT INTO game_platforms (game_id,platforms) VALUES (33,0);
INSERT INTO game_platforms (game_id,platforms) VALUES (33,2);
INSERT INTO comment (id, user, message, utildate, likes,game_id) VALUES (121,'ibarnes','Figure win citizen there able especially place.',1532935202,1,33);
INSERT INTO comment (id, user, message, utildate, likes,game_id) VALUES (122,'ronniechapman','Environment generation half cost card follow report.',1578285630,2,33);
INSERT INTO comment (id, user, message, utildate, likes,game_id) VALUES (123,'bduffy','Serve future develop resource central.',1521183269,3,33);
INSERT INTO comment (id, user, message, utildate, likes,game_id) VALUES (124,'testingPriest','Always actually theory price painting.',1437146282,6,33);
INSERT INTO game (id, title, description, by,age_rating,likes) VALUES (34, 'IL-2 Sturmovik: Birds of Prey', 'Wings of Prey is based around the large-scale aerial combat and ground military operations of World ', '505 Games','7',89);
INSERT INTO game_platforms (game_id,platforms) VALUES (34,0);
INSERT INTO game_platforms (game_id,platforms) VALUES (34,8);
INSERT INTO game_platforms (game_id,platforms) VALUES (34,7);
INSERT INTO comment (id, user, message, utildate, likes,game_id) VALUES (125,'brucejose','Tend know even performance go.',1481043597,8,34);
INSERT INTO comment (id, user, message, utildate, likes,game_id) VALUES (126,'garzarichard','Store go according budget ok.',1459279209,4,34);
INSERT INTO comment (id, user, message, utildate, likes,game_id) VALUES (127,'bob','Make each fast same capital.',1478292990,8,34);
INSERT INTO comment (id, user, message, utildate, likes,game_id) VALUES (128,'crystalhull','Theory they everything recognize hard red.',1491528641,5,34);
INSERT INTO comment (id, user, message, utildate, likes,game_id) VALUES (129,'brittanymiller','Physical manager modern bill bring TV reflect response.',1567999895,2,34);
INSERT INTO comment (id, user, message, utildate, likes,game_id) VALUES (130,'bduffy','Management health design support method before.',1573656006,3,34);
INSERT INTO comment (id, user, message, utildate, likes,game_id) VALUES (131,'ibarnes','Yeah I tough cut piece clear per subject.',1492371912,3,34);
INSERT INTO comment (id, user, message, utildate, likes,game_id) VALUES (132,'testingPriest','Left bank truth difficult.',1470772478,1,34);
INSERT INTO game (id, title, description, by,age_rating,likes) VALUES (35, 'Blue Estate', 'Blue Estate is a darkly funny on-rails shooter ! Designed from the ground up to exploit the gyroscop', 'Focus Home Interactive','16',65);
INSERT INTO game_platforms (game_id,platforms) VALUES (35,3);
INSERT INTO game_platforms (game_id,platforms) VALUES (35,7);
INSERT INTO comment (id, user, message, utildate, likes,game_id) VALUES (133,'crawfordregina','Federal leader six science public keep.',1548908103,4,35);
INSERT INTO comment (id, user, message, utildate, likes,game_id) VALUES (134,'bob','Seven operation never would pretty network here.',1557072138,6,35);
INSERT INTO comment (id, user, message, utildate, likes,game_id) VALUES (135,'ronniechapman','Whatever trip people fly firm that.',1465697895,0,35);
INSERT INTO game (id, title, description, by,age_rating,likes) VALUES (36, 'Earth Defense Force 5', 'Stand and fight for humanity. This arcade shooter takes place in the year 2022, as the Earth Defense', 'D3 Go!','12',80);
INSERT INTO game_platforms (game_id,platforms) VALUES (36,3);
INSERT INTO game_platforms (game_id,platforms) VALUES (36,0);
INSERT INTO comment (id, user, message, utildate, likes,game_id) VALUES (136,'brucejose','Individual style wear set care success offer.',1530760104,0,36);
INSERT INTO comment (id, user, message, utildate, likes,game_id) VALUES (137,'garzarichard','Safe her discussion whatever war film evening.',1584837008,0,36);
INSERT INTO comment (id, user, message, utildate, likes,game_id) VALUES (138,'julie73','Example find candidate compare.',1469587227,8,36);
INSERT INTO game (id, title, description, by,age_rating,likes) VALUES (37, 'Harvest Moon: A Wonderful Life', 'Harvest Moon: A Wonderful Life will span a lifetime on the farm and follow the drama that goes with ', 'Victor Interactive Software','3',89);
INSERT INTO game_platforms (game_id,platforms) VALUES (37,4);
INSERT INTO comment (id, user, message, utildate, likes,game_id) VALUES (139,'julie73','Clearly blue strategy effect order.',1491849988,0,37);
INSERT INTO comment (id, user, message, utildate, likes,game_id) VALUES (140,'callahanedward','Expert focus upon short night body.',1491472426,3,37);
INSERT INTO comment (id, user, message, utildate, likes,game_id) VALUES (141,'bob','Staff care raise bring hospital fall employee.',1473100010,5,37);
INSERT INTO comment (id, user, message, utildate, likes,game_id) VALUES (142,'ibarnes','Wide every idea wish system job.',1465650778,8,37);
INSERT INTO comment (id, user, message, utildate, likes,game_id) VALUES (143,'testingPriest','Last its this experience scientist near.',1495395891,4,37);
INSERT INTO comment (id, user, message, utildate, likes,game_id) VALUES (144,'ronniechapman','Consider nearly seem improve reduce attorney.',1452749368,8,37);
INSERT INTO comment (id, user, message, utildate, likes,game_id) VALUES (145,'crystalhull','Set then mention onto least hospital.',1523666330,4,37);
INSERT INTO game (id, title, description, by,age_rating,likes) VALUES (38, 'Dance Central 3', 'Dance Central 3 is the third installment in the popular Dance Central game for the Kinect on the Xbo', 'Harmonix Music Systems','12',85);
INSERT INTO game_platforms (game_id,platforms) VALUES (38,3);
INSERT INTO game_platforms (game_id,platforms) VALUES (38,8);
INSERT INTO game_platforms (game_id,platforms) VALUES (38,6);
INSERT INTO comment (id, user, message, utildate, likes,game_id) VALUES (146,'testingPriest','Page great cell herself institution green.',1535907684,2,38);
INSERT INTO comment (id, user, message, utildate, likes,game_id) VALUES (147,'brittanymiller','Heavy yard card consumer sell.',1510552087,2,38);
INSERT INTO comment (id, user, message, utildate, likes,game_id) VALUES (148,'julie73','Question middle go debate.',1459026657,6,38);
INSERT INTO game (id, title, description, by,age_rating,likes) VALUES (39, 'Dragon Age: Origins - Awakening', 'This is the first and only official expansion pack for Dragon Age: Origins. ', 'BioWare Edmonton','18',82);
INSERT INTO game_platforms (game_id,platforms) VALUES (39,5);
INSERT INTO game_platforms (game_id,platforms) VALUES (39,6);
INSERT INTO comment (id, user, message, utildate, likes,game_id) VALUES (149,'bob','Free human least dog movement.',1459452459,0,39);
INSERT INTO comment (id, user, message, utildate, likes,game_id) VALUES (150,'crawfordregina','Force heavy bed plan can member.',1554491203,8,39);
INSERT INTO comment (id, user, message, utildate, likes,game_id) VALUES (151,'brittanymiller','Remember ok result little street town.',1493430909,7,39);
INSERT INTO comment (id, user, message, utildate, likes,game_id) VALUES (152,'julie73','Agent understand friend.',1520787777,0,39);
INSERT INTO comment (id, user, message, utildate, likes,game_id) VALUES (153,'garzarichard','Yourself serious choice north interesting nature.',1585111502,5,39);
INSERT INTO comment (id, user, message, utildate, likes,game_id) VALUES (154,'crystalhull','Enter and surface manager attack any later.',1522821289,7,39);
INSERT INTO comment (id, user, message, utildate, likes,game_id) VALUES (155,'callahanedward','Long each factor answer kitchen financial strong.',1448723438,8,39);
INSERT INTO game (id, title, description, by,age_rating,likes) VALUES (40, 'Dungeon Siege II: Broken World', 'The game continues where Dungeon Siege II left off. As with DS2, Broken World takes place on the con', 'Gas Powered Games','12',79);
INSERT INTO game_platforms (game_id,platforms) VALUES (40,2);
INSERT INTO game_platforms (game_id,platforms) VALUES (40,8);
INSERT INTO comment (id, user, message, utildate, likes,game_id) VALUES (156,'brucejose','Arm sense seven someone campaign image set structure.',1589213391,6,40);
INSERT INTO comment (id, user, message, utildate, likes,game_id) VALUES (157,'callahanedward','Life determine human everyone top consider.',1524320169,9,40);
INSERT INTO comment (id, user, message, utildate, likes,game_id) VALUES (158,'garzarichard','Mean side might system.',1520338700,1,40);
INSERT INTO game (id, title, description, by,age_rating,likes) VALUES (41, 'Caveblazers', 'Caveblazers is a challenging and brutal roguelike platformer. Journey into a mysterious cave, fighti', 'Deadpan Games','12',65);
INSERT INTO game_platforms (game_id,platforms) VALUES (41,2);
INSERT INTO game_platforms (game_id,platforms) VALUES (41,7);
INSERT INTO game_platforms (game_id,platforms) VALUES (41,4);
INSERT INTO comment (id, user, message, utildate, likes,game_id) VALUES (159,'callahanedward','During actually son current short shake.',1460085490,5,41);
INSERT INTO comment (id, user, message, utildate, likes,game_id) VALUES (160,'bduffy','Real some my help politics.',1549281383,8,41);
INSERT INTO comment (id, user, message, utildate, likes,game_id) VALUES (161,'brucejose','Include per ball military until kind of.',1522352809,4,41);
INSERT INTO comment (id, user, message, utildate, likes,game_id) VALUES (162,'garzarichard','Tv radio professional majority.',1519901653,3,41);
INSERT INTO comment (id, user, message, utildate, likes,game_id) VALUES (163,'ronniechapman','Community stage born less.',1553107455,8,41);
INSERT INTO game (id, title, description, by,age_rating,likes) VALUES (42, 'Alien: Isolation - The Collection', 'Winner of over 50 Game Of The Year awards.', 'The Creative Assembly','18',90);
INSERT INTO game_platforms (game_id,platforms) VALUES (42,2);
INSERT INTO game_platforms (game_id,platforms) VALUES (42,5);
INSERT INTO game_platforms (game_id,platforms) VALUES (42,6);
INSERT INTO comment (id, user, message, utildate, likes,game_id) VALUES (164,'callahanedward','Some commercial plant fear this part project issue.',1447191237,3,42);
INSERT INTO game (id, title, description, by,age_rating,likes) VALUES (43, 'Mass Effect: Andromeda', 'A new adventure awaits in the Mass Effect universe. With stunning visuals and a new galaxy to discov', 'BioWare','16',71);
INSERT INTO game_platforms (game_id,platforms) VALUES (43,3);
INSERT INTO game_platforms (game_id,platforms) VALUES (43,5);
INSERT INTO comment (id, user, message, utildate, likes,game_id) VALUES (165,'brittanymiller','Discover century full senior fill social already pull.',1559668506,0,43);
INSERT INTO comment (id, user, message, utildate, likes,game_id) VALUES (166,'bduffy','Detail close event.',1535385028,9,43);
INSERT INTO comment (id, user, message, utildate, likes,game_id) VALUES (167,'testingPriest','Country shoulder later together role.',1582424053,7,43);
INSERT INTO comment (id, user, message, utildate, likes,game_id) VALUES (168,'brucejose','Yard understand body thank.',1584681108,8,43);
INSERT INTO comment (id, user, message, utildate, likes,game_id) VALUES (169,'ibarnes','Blood write recognize particular.',1465485028,9,43);
INSERT INTO comment (id, user, message, utildate, likes,game_id) VALUES (170,'julie73','Every create produce dinner.',1564287061,1,43);
INSERT INTO comment (id, user, message, utildate, likes,game_id) VALUES (171,'crystalhull','Industry now rate lead another sound American help.',1550403807,1,43);
INSERT INTO comment (id, user, message, utildate, likes,game_id) VALUES (172,'crawfordregina','Activity practice sell they.',1530383344,8,43);
INSERT INTO game (id, title, description, by,age_rating,likes) VALUES (44, 'Mega Man Xtreme', 'The future world is in turmoil. The peace keeping mother computer has been hacked and a virus runs r', 'Capcom','7',60);
INSERT INTO game_platforms (game_id,platforms) VALUES (44,1);
INSERT INTO game_platforms (game_id,platforms) VALUES (44,6);
INSERT INTO game_platforms (game_id,platforms) VALUES (44,2);
INSERT INTO comment (id, user, message, utildate, likes,game_id) VALUES (173,'julie73','Myself analysis tend son keep less.',1497172728,0,44);
INSERT INTO comment (id, user, message, utildate, likes,game_id) VALUES (174,'ronniechapman','Success store everyone nearly kitchen wonder series.',1588508941,6,44);
INSERT INTO game (id, title, description, by,age_rating,likes) VALUES (45, 'Crash Time II', 'Solve exciting criminal cases on the mean streets as member of the autobahn police force - or freely', 'RTL Enterprises','7',61);
INSERT INTO game_platforms (game_id,platforms) VALUES (45,0);
INSERT INTO game_platforms (game_id,platforms) VALUES (45,3);
INSERT INTO comment (id, user, message, utildate, likes,game_id) VALUES (175,'bob','But long ever culture by area now to.',1481894405,4,45);
INSERT INTO comment (id, user, message, utildate, likes,game_id) VALUES (176,'julie73','Place military party vote chair station program.',1499906476,9,45);
INSERT INTO comment (id, user, message, utildate, likes,game_id) VALUES (177,'ronniechapman','Middle painting statement onto but police them maybe.',1531665542,7,45);
INSERT INTO comment (id, user, message, utildate, likes,game_id) VALUES (178,'bduffy','Yes almost difficult hair herself himself memory.',1531756948,0,45);
INSERT INTO comment (id, user, message, utildate, likes,game_id) VALUES (179,'ibarnes','Truth reality management interview idea.',1496149510,7,45);
INSERT INTO comment (id, user, message, utildate, likes,game_id) VALUES (180,'brittanymiller','War state happy poor.',1521110164,5,45);
INSERT INTO comment (id, user, message, utildate, likes,game_id) VALUES (181,'crawfordregina','Tell event top pattern.',1530841317,1,45);
INSERT INTO comment (id, user, message, utildate, likes,game_id) VALUES (182,'crystalhull','Consider million claim morning cost.',1561288801,3,45);
INSERT INTO game (id, title, description, by,age_rating,likes) VALUES (46, 'Front Mission 3', 'Yokosuka, Japan, 2112 AD. The young student Kazuki Takemura works as a test pilot with Kirishima Ind', 'Sony Computer Entertainment, Inc. (SCEI)','12',80);
INSERT INTO game_platforms (game_id,platforms) VALUES (46,8);
INSERT INTO game_platforms (game_id,platforms) VALUES (46,7);
INSERT INTO game_platforms (game_id,platforms) VALUES (46,3);
INSERT INTO comment (id, user, message, utildate, likes,game_id) VALUES (183,'crystalhull','Stuff up future agreement item animal case religious.',1568853899,0,46);
INSERT INTO comment (id, user, message, utildate, likes,game_id) VALUES (184,'callahanedward','Player plan option process nor industry.',1491980885,6,46);
INSERT INTO comment (id, user, message, utildate, likes,game_id) VALUES (185,'brucejose','Trade shoulder off success whatever father part.',1545899527,0,46);
INSERT INTO comment (id, user, message, utildate, likes,game_id) VALUES (186,'ibarnes','Something stage such participant sign.',1544596954,5,46);
INSERT INTO game (id, title, description, by,age_rating,likes) VALUES (47, 'Kamiko', 'KAMIKO is a game styled around Japanese Shinto beliefs. ', 'Flyhigh Works','3',67);
INSERT INTO game_platforms (game_id,platforms) VALUES (47,1);
INSERT INTO game_platforms (game_id,platforms) VALUES (47,4);
INSERT INTO game_platforms (game_id,platforms) VALUES (47,8);
INSERT INTO comment (id, user, message, utildate, likes,game_id) VALUES (187,'brittanymiller','Use scene follow hundred.',1518890584,3,47);
INSERT INTO comment (id, user, message, utildate, likes,game_id) VALUES (188,'ibarnes','Hot ten social ahead future religious.',1443114912,1,47);
INSERT INTO comment (id, user, message, utildate, likes,game_id) VALUES (189,'ronniechapman','Million choice by story sure building.',1468625704,6,47);
INSERT INTO comment (id, user, message, utildate, likes,game_id) VALUES (190,'bob','Treat free wait foreign hand think.',1494672745,4,47);
INSERT INTO comment (id, user, message, utildate, likes,game_id) VALUES (191,'callahanedward','Home bag again key interesting room miss.',1433358324,1,47);
INSERT INTO comment (id, user, message, utildate, likes,game_id) VALUES (192,'garzarichard','But grow smile cup current rich challenge.',1484421903,2,47);
INSERT INTO comment (id, user, message, utildate, likes,game_id) VALUES (193,'crawfordregina','Need choice together material.',1507737102,5,47);
INSERT INTO comment (id, user, message, utildate, likes,game_id) VALUES (194,'crystalhull','Close girl hard manager.',1532579866,7,47);
INSERT INTO game (id, title, description, by,age_rating,likes) VALUES (48, 'F1 2010', 'BE THE DRIVER....LIVE THE LIFE ', 'Codemasters Birmingham','3',79);
INSERT INTO game_platforms (game_id,platforms) VALUES (48,8);
INSERT INTO comment (id, user, message, utildate, likes,game_id) VALUES (195,'crawfordregina','Improve now stuff impact everything.',1435427671,6,48);
INSERT INTO comment (id, user, message, utildate, likes,game_id) VALUES (196,'callahanedward','Would role can program.',1563939455,5,48);
INSERT INTO comment (id, user, message, utildate, likes,game_id) VALUES (197,'ronniechapman','Police marriage wall win throw stuff part.',1532352753,8,48);
INSERT INTO game (id, title, description, by,age_rating,likes) VALUES (49, 'APB Reloaded', 'APB: All Points Bulletin is a multiplayer online video game for Microsoft Windows[6] developed by Re', 'Realtime Worlds','18',62);
INSERT INTO game_platforms (game_id,platforms) VALUES (49,8);
INSERT INTO comment (id, user, message, utildate, likes,game_id) VALUES (198,'garzarichard','Woman also nothing magazine top family thought.',1556746095,9,49);
INSERT INTO comment (id, user, message, utildate, likes,game_id) VALUES (199,'crawfordregina','Television determine star imagine off.',1473275903,1,49);
INSERT INTO comment (id, user, message, utildate, likes,game_id) VALUES (200,'crystalhull','Effect own world some interesting investment.',1514619320,4,49);
INSERT INTO comment (id, user, message, utildate, likes,game_id) VALUES (201,'bob','Member reveal environment with serve reality.',1523034465,0,49);
INSERT INTO comment (id, user, message, utildate, likes,game_id) VALUES (202,'callahanedward','Popular next movie.',1486756629,6,49);
INSERT INTO comment (id, user, message, utildate, likes,game_id) VALUES (203,'julie73','You develop wrong tough reflect lot everybody.',1441909825,5,49);
INSERT INTO game (id, title, description, by,age_rating,likes) VALUES (50, 'Rayman Raving Rabbids 2', 'Theyve invaded the world of Rayman, and now the insane Rabbids have a new objective: invade planet ', 'Ubisoft Entertainment','3',66);
INSERT INTO game_platforms (game_id,platforms) VALUES (50,4);
INSERT INTO game_platforms (game_id,platforms) VALUES (50,2);
INSERT INTO game_platforms (game_id,platforms) VALUES (50,7);
INSERT INTO comment (id, user, message, utildate, likes,game_id) VALUES (204,'testingPriest','Be big including movement.',1475911209,4,50);
INSERT INTO comment (id, user, message, utildate, likes,game_id) VALUES (205,'brucejose','Baby lawyer middle ago.',1557366777,4,50);
INSERT INTO comment (id, user, message, utildate, likes,game_id) VALUES (206,'crawfordregina','Late than anyone practice forget though these.',1441698036,8,50);
INSERT INTO comment (id, user, message, utildate, likes,game_id) VALUES (207,'garzarichard','Black model begin great.',1550584339,4,50);
INSERT INTO game (id, title, description, by,age_rating,likes) VALUES (51, 'Atelier Lydie & Suelle: The Alchemists and the Mysterious Paintings', 'The 19th main game in the Atelier franchise and third game in the Mysterious game trilogy. ', 'Gust','12',83);
INSERT INTO game_platforms (game_id,platforms) VALUES (51,6);
INSERT INTO comment (id, user, message, utildate, likes,game_id) VALUES (208,'callahanedward','He law along focus total read power.',1534437969,2,51);
INSERT INTO comment (id, user, message, utildate, likes,game_id) VALUES (209,'garzarichard','Better lawyer onto during.',1514711002,0,51);
INSERT INTO comment (id, user, message, utildate, likes,game_id) VALUES (210,'brittanymiller','Worry market staff day his long option.',1556245567,0,51);
INSERT INTO game (id, title, description, by,age_rating,likes) VALUES (52, 'RUSH', 'In RUSH’s fully three dimensional levels, players need to guide cubes to color coded exit points usi', 'Two Tribes B.V.','3',87);
INSERT INTO game_platforms (game_id,platforms) VALUES (52,1);
INSERT INTO game_platforms (game_id,platforms) VALUES (52,8);
INSERT INTO game_platforms (game_id,platforms) VALUES (52,5);
INSERT INTO comment (id, user, message, utildate, likes,game_id) VALUES (211,'brucejose','Director which finally.',1493976528,0,52);
INSERT INTO comment (id, user, message, utildate, likes,game_id) VALUES (212,'bob','Trial picture almost manage five parent he.',1496290707,8,52);
INSERT INTO comment (id, user, message, utildate, likes,game_id) VALUES (213,'testingPriest','Health add hot knowledge gun green land rock.',1501105698,6,52);
INSERT INTO comment (id, user, message, utildate, likes,game_id) VALUES (214,'crawfordregina','What federal almost system professor pay with.',1515168954,9,52);
INSERT INTO comment (id, user, message, utildate, likes,game_id) VALUES (215,'garzarichard','Especially focus thought top suffer college east.',1571013156,5,52);
INSERT INTO comment (id, user, message, utildate, likes,game_id) VALUES (216,'ibarnes','Get ask factor scientist.',1568945625,2,52);